[
    {
        "id": 2424150031,
        "term": "et",
        "definition": "and",
        "image": {
            "url": "https://farm3.staticflickr.com/2353/2419063192_f9cc7ab35c_m.jpg",
            "width": 240,
            "height": 201
        },
        "rank": 0
    },
    {
        "id": 2424150032,
        "term": "mais",
        "definition": "but",
        "image": {
            "url": "https://o.quizlet.com/4RVHOg0CatJh.A0E8HGSQg_m.png",
            "width": 153,
            "height": 157
        },
        "rank": 1
    },
    {
        "id": 2424150033,
        "term": "ou",
        "definition": "or",
        "image": {
            "url": "https://o.quizlet.com/P6A0RHqdadBiqvkE1BdwRA_m.jpg",
            "width": 240,
            "height": 199
        },
        "rank": 2
    },
    {
        "id": 2424150034,
        "term": "parce que",
        "definition": "because",
        "image": {
            "url": "https://o.quizlet.com/1kVvvwWhVOgEt4UymmFLVw_m.gif",
            "width": 240,
            "height": 180
        },
        "rank": 3
    },
    {
        "id": 2424150035,
        "term": "Vous desirez?",
        "definition": "What would you like?",
        "image": {
            "url": "https://farm1.staticflickr.com/94/212339449_2b4bd484a3_m.jpg",
            "width": 240,
            "height": 180
        },
        "rank": 4
    },
    {
        "id": 2424150036,
        "term": "Je voudrais.",
        "definition": "I would like.",
        "image": {
            "url": "https://farm3.staticflickr.com/2595/3682523624_ee33504cec_m.jpg",
            "width": 240,
            "height": 213
        },
        "rank": 5
    }
]