[
    {
        "id": 2428878221,
        "term": "le sport",
        "definition": "sports",
        "image": null,
        "rank": 0
    },
    {
        "id": 2428878222,
        "term": "le badminton",
        "definition": "badminton",
        "image": null,
        "rank": 1
    },
    {
        "id": 2428878223,
        "term": "le patin \u00e0 glace",
        "definition": "ice skating",
        "image": null,
        "rank": 2
    },
    {
        "id": 2428878224,
        "term": "le rugby",
        "definition": "rugby",
        "image": null,
        "rank": 3
    },
    {
        "id": 2428878225,
        "term": "le basket",
        "definition": "basketball",
        "image": null,
        "rank": 4
    },
    {
        "id": 2428878226,
        "term": "le tennis",
        "definition": "tennis",
        "image": null,
        "rank": 5
    },
    {
        "id": 2428878227,
        "term": "le volley",
        "definition": "volleyball",
        "image": null,
        "rank": 6
    },
    {
        "id": 2428878228,
        "term": "le golf",
        "definition": "golf",
        "image": null,
        "rank": 7
    },
    {
        "id": 2428878229,
        "term": "le foot",
        "definition": "soccer",
        "image": null,
        "rank": 8
    },
    {
        "id": 2428878230,
        "term": "le hockey",
        "definition": "hockey",
        "image": null,
        "rank": 9
    },
    {
        "id": 2428878231,
        "term": "le ping-pong",
        "definition": "ping-pong",
        "image": null,
        "rank": 10
    },
    {
        "id": 2428878232,
        "term": "le skate",
        "definition": "skateboard",
        "image": null,
        "rank": 11
    },
    {
        "id": 2428878233,
        "term": "le roller",
        "definition": "roller skate",
        "image": null,
        "rank": 12
    },
    {
        "id": 2428878234,
        "term": "le baseball",
        "definition": "baseball",
        "image": null,
        "rank": 13
    },
    {
        "id": 2428878235,
        "term": "le surf",
        "definition": "surf",
        "image": null,
        "rank": 14
    },
    {
        "id": 2428878236,
        "term": "le snowboard",
        "definition": "snowboard",
        "image": null,
        "rank": 15
    },
    {
        "id": 2428878237,
        "term": "le ski",
        "definition": "ski",
        "image": null,
        "rank": 16
    },
    {
        "id": 2428878238,
        "term": "le paddle",
        "definition": "stand-up paddle",
        "image": null,
        "rank": 17
    },
    {
        "id": 2428896006,
        "term": "le cyclisme",
        "definition": "cyclism",
        "image": null,
        "rank": 18
    },
    {
        "id": 2428881585,
        "term": "l'escrime",
        "definition": "fencing",
        "image": null,
        "rank": 19
    },
    {
        "id": 2428878239,
        "term": "la natation",
        "definition": "swimming",
        "image": null,
        "rank": 20
    },
    {
        "id": 2428878240,
        "term": "la planche \u00e0 voile",
        "definition": "windsurfing",
        "image": null,
        "rank": 21
    },
    {
        "id": 2428888758,
        "term": "la voile",
        "definition": "sailing",
        "image": null,
        "rank": 22
    }
]